{
    "uvs":[[0.407154,0.71386,0.407154,0.496875,0.624139,0.496875,0.624139,0.71386,0.407154,0.0629047,0.624139,0.0629046,0.624139,0.27989,0.407154,0.27989,0.407154,0.930845,0.190169,0.930845,0.190169,0.71386,0.841124,0.71386,0.841124,0.930845,0.624139,0.930845]],
    "normals":[-5.32907e-15,-1,2.98023e-08,1.06581e-14,1,-2.98023e-08,1,4.47034e-08,2.83122e-07,-2.83122e-07,-7.45059e-08,1,-1,-1.3411e-07,-2.23517e-07,2.38419e-07,1.78814e-07,-1],
    "metadata":{
        "version":3,
        "generator":"io_three",
        "vertices":8,
        "faces":6,
        "uvs":1,
        "normals":6,
        "type":"Geometry"
    },
    "vertices":[1,-1,-1,1,-1,1,-1,-1,1,-1,-1,-1,1,1,-1,1,1,1,-1,1,1,-1,1,-1],
    "faces":[41,0,1,2,3,0,1,2,3,0,0,0,0,41,4,7,6,5,4,5,6,7,1,1,1,1,41,0,4,5,1,0,8,9,10,2,2,2,2,41,1,5,6,2,1,7,6,2,3,3,3,3,41,2,6,7,3,11,12,13,3,4,4,4,4,41,4,0,3,7,8,0,3,13,5,5,5,5]
}